Timestamp,"When you become angry during a conversation, how do you usually react?",What type of conversations or situations are most likely to trigger your anger? ,How do you usually handle your anger after the conversation? ,"When you say things while angry, do you usually mean them? ","If you answered “Yes,” “Partly,” or “Sometimes,” do you think there could have been a better or calmer way to express what you meant?","If you answered “Rarely” or “No,” do you think your anger caused you to say things you did not truly intend to express? ",    Do you think anger changes:,"After calming down, how often do you feel your words came out harsher than intended? "
27/05/2026 22:16:27,I become quiet and withdraw,Being misunderstood,I apologise if necessary,"No, not really",,Yes,Both?,Sometimes
27/05/2026 22:28:32,I become quiet and withdraw,Repetition/frustration,I regret some of my words,Partly,Yes,,Neither?,Often
27/05/2026 22:33:00,I become quiet and withdraw,Being misunderstood,I apologise if necessary,"Yes, completely",Yes,Yes,What people truly feel?,Always
27/05/2026 22:36:28,It depends,Repetition/frustration,I reflect on what was said,Partly,Yes,,Both?,Often
27/05/2026 22:42:38,I become quiet and withdraw,Feeling ignored,I reflect on what was said,Sometimes,Maybe,,How people express what they feel?,Sometimes
27/05/2026 22:44:42,I raise my voice,Feeling disrespected,I avoid the person for some time,Sometimes,Yes,,How people express what they feel?,Sometimes
27/05/2026 22:53:31,I raise my voice,Being misunderstood,I apologise if necessary,Partly,Not applicable,,Both?,Always
27/05/2026 23:04:10,I try to explain my feelings calmly,Criticism,I apologise if necessary,"Yes, completely",Maybe,No,How people express what they feel?,Sometimes
28/05/2026 01:03:54,I say things impulsively,Being misunderstood,"More than one option acc  option. 2, 3, 4 and depending 6",Partly,Yes,Yes,Both?,Often
28/05/2026 01:33:32,I become quiet and withdraw,Feeling disrespected,I avoid the person for some time,Partly,Yes,,How people express what they feel?,Always
28/05/2026 01:34:45,I say things impulsively,Feeling disrespected,I leave the scene to think things through,Sometimes,Yes,Yes,Both?,Often
28/05/2026 01:38:36,I become quiet and withdraw,Feeling disrespected,I avoid the person for some time,Sometimes,Not applicable,No,Both?,Often
28/05/2026 01:52:26,I become quiet and withdraw,Repetition/frustration,I reflect on what was said,Partly,Maybe,,Both?,Sometimes
28/05/2026 02:31:05,I become quiet and withdraw,Being misunderstood,I avoid the person for some time,Sometimes,Maybe,Maybe,How people express what they feel?,Sometimes
28/05/2026 02:52:28,I try to explain my feelings calmly,Repetition/frustration,I apologise if necessary,"Yes, completely",No,,How people express what they feel?,Rarely
28/05/2026 03:20:36,It depends,Dishonesty or lies,I regret some of my words,"No, not really",Not applicable,Yes,Both?,Always
28/05/2026 04:41:20,It depends,Feeling disrespected,I apologise if necessary,Sometimes,Yes,Yes,Both?,Rarely
28/05/2026 06:25:52,I cry,When I’m accused of something I didn’t do ,I apologise if necessary,Partly,Yes,,How people express what they feel?,Often
28/05/2026 07:35:17,I raise my voice,Dishonesty or lies,I regret some of my words,Sometimes,Yes,,How people express what they feel?,Sometimes
28/05/2026 08:55:49,I become quiet and withdraw,Repetition/frustration,I reflect on what was said,Partly,Yes,,How people express what they feel?,Sometimes
28/05/2026 09:59:08,It depends,Feeling disrespected and being gaslit ,I reflect on what was said,Rarely,Not applicable,Yes,Both?,Often
28/05/2026 10:01:26,I say things impulsively,Feeling disrespected,I apologise if necessary,Sometimes,Yes,Maybe,How people express what they feel?,Always
28/05/2026 10:09:01,It depends,Dishonesty or lies,I apologise if necessary,Sometimes,Yes,,How people express what they feel?,Sometimes
28/05/2026 10:36:44,It depends,Disrespecting my parents ,I reflect on what was said,Partly,Yes,,Both?,Sometimes
28/05/2026 11:00:56,I become quiet and withdraw,Being misunderstood,I reflect on what was said,Sometimes,Maybe,No,How people express what they feel?,Always
28/05/2026 11:18:52,It depends on the person if he/she is raising their voice i will but if they aren't i wont,Repetition/frustration,I apologise if necessary,Partly,Yes,No,Both?,Always
28/05/2026 11:22:47,I become quiet and withdraw,Feeling disrespected,I avoid the person for some time,Partly,Maybe,No,How people express what they feel?,Sometimes
28/05/2026 11:49:55,I become quiet and withdraw,Being misunderstood,I reflect on what was said,"Yes, completely",,,Both?,Often
28/05/2026 12:11:04,I speak more emotionally/intensely,Feeling disrespected,I calm down quickly,"Yes, completely",Yes,,Both?,Always
28/05/2026 12:20:51,I become quiet and withdraw,,I avoid the person for some time,Partly,Yes,,How people express what they feel?,Often
28/05/2026 12:27:12,It depends,Feeling ignored,I regret some of my words,"Yes, completely",No,,Both?,Never
28/05/2026 12:41:10,I become quiet and withdraw,Feeling disrespected,I reflect on what was said,Sometimes,Yes,,Both?,Often
28/05/2026 13:43:51,It depends,Feeling disrespected,I reflect on what was said,Partly,No,No,How people express what they feel?,Always
28/05/2026 13:59:09,I speak more emotionally/intensely,Being misunderstood,I reflect on what was said,Partly,Not applicable,Yes,How people express what they feel?,Rarely
28/05/2026 15:01:30,It depends,Feeling disrespected,I reflect on what was said,Partly,Yes,Maybe,How people express what they feel?,Always
28/05/2026 16:16:05,Be quiet and let them know Thier faults we reflect together after they are done talking then I tell them not to interrupt me when talking ,"Lies , dishonesty, trying to act smart,criticism, betrayal ",I reflect on what I did if I was wrong I apologise and also tell them Thier faults during conversations most time both sides have a truth in whatever they say so we Check ans explain calmly or loudly but if loudly we laugh over it ,"Yes, completely",Maybe,No,Both?,Rarely
28/05/2026 16:36:00,I avoid the conversation entirely,Feeling disrespected,I reflect on what was said,"No, not really",Not applicable,Yes,How people express what they feel?,Always
28/05/2026 17:24:48,I raise my voice,all except lies,I apologise if necessary,"Yes, completely",Not applicable,No,How people express what they feel?,Sometimes
28/05/2026 18:18:24,I become quiet and withdraw,Feeling disrespected,I apologise if necessary,Sometimes,Yes,Maybe,How people express what they feel?,Rarely
28/05/2026 18:58:35,I say things impulsively,Being misunderstood,I avoid the person for some time,"No, not really",,Yes,How people express what they feel?,Sometimes
28/05/2026 19:24:22,I speak more emotionally/intensely,Being misunderstood,I calm down quickly,"Yes, completely",Yes,,Both?,Rarely
28/05/2026 20:02:15,I avoid the conversation entirely,Dishonesty or lies,Omoo,"Yes, completely",No,,How people express what they feel?,Rarely
28/05/2026 20:16:40,I become quiet and withdraw,Being misunderstood,I apologise if necessary,"Yes, completely",No,No,How people express what they feel?,Rarely
28/05/2026 20:36:46,I become quiet and withdraw,Repetition/frustration,I avoid the person for some time,"Yes, completely",No,No,Neither?,Often
28/05/2026 20:41:10,I avoid the conversation entirely,Being misunderstood,I avoid the person for some time,Rarely,Maybe,No,Both?,Often
28/05/2026 20:51:57,I become quiet and withdraw,Feeling disrespected,I avoid the person for some time,Partly,Yes,,How people express what they feel?,Rarely
28/05/2026 20:58:07,I become quiet and withdraw,Feeling ignored,I calm down quickly,Partly,Yes,,How people express what they feel?,Always
28/05/2026 21:31:41,It depends,"Can't I pick two frustration, criticism, lies and being misunderstood ","Sometimes I cry too, anger is a painful emotion ",Partly,Maybe,,How people express what they feel?,Sometimes
28/05/2026 22:47:29,It depends,Dishonesty or lies,I regret some of my words,Partly,Maybe,Yes,What people truly feel?,Always
28/05/2026 23:02:46,I say things impulsively,Being misunderstood and frustration,I avoid the person for some time,Partly,Maybe,,How people express what they feel?,Sometimes
29/05/2026 02:18:40,I speak more emotionally/intensely,Feeling disrespected,I regret some of my words,Rarely,Not applicable,Yes,Both?,Often
29/05/2026 09:40:51,I avoid the conversation entirely,Being misunderstood,I avoid the person for some time,Partly,Yes,,Both?,Often